--========================================THEM DU LIEU
--========CAP NHAT NGAY THANG NAM HE THONG
use QLNH
SET DATEFORMAT DMY
GO
---THEM THONG TIN CHO CHI NHANH
INSERT INTO CHINHANH(MACN,TENCHINHANH,DIACHI)
VALUES('CN01',N'MindLess-HCM',N'Hồ Chí Minh'),
		('CN02',N'MindLess-HN',N'Hà Nội'),
		('CN03',N'MindLess-HP',N'Hải Phòng')
GO
---THEM THONG TIN CHO PHONG BAN
INSERT INTO PHONGBAN(MAPB,TENPB,TRPHONG)
VALUES(1,N'CSKH',NULL),
		(2,N'ĐIỀU HÀNH',NULL),
		(3,N'KINH DOANH',NULL),
		(4,N'NGOẠI GIAO',NULL)
GO
---THEM THONG TIN CHO TIEN TE
INSERT INTO TIENTE(MATT,TENTT)
VALUES('USD',N'Đô La Mỹ'),
		('VND',N'VIỆT NAM ĐỒNG'),
		('TWD',N'TÂN ĐÀI TỆ'),
		('GBP',N'BẢNG ANH')
GO

--THEM THONG TIN CHO LOAI TAI KHOAN
INSERT INTO LOAITAIKHOAN(MALOAI,TENNH)
VALUES('VCB',N'Vietcombank'),
		('MB',N'MB BANK'),
		('AG',N'Agribank'),
		('BV',N'BIDV BANK'),
		('VI',N'VietinBank')
GO
--THEM DU LIEN CHO NHAN VIEN
INSERT INTO NHANVIEN(MANV,TENNV,GIOITINH,NGAYSINH,CHUC,LUONG,DIACHI,SDT,MAPB,MACN)
VALUES('NV0001',N'ĐINH VĂN TRỌNG',N'NAM','13/01/1987',N'THÔNG DỊCH VIÊN',35000000,N'47 NGUYỄN HUỆ,Q.1,TP.HCM',0972415636,4,'CN01'),
		('NV0002',N'NGUYỄN THỊ THANH THỦY',N'NỮ','26/04/1985',N'LỄ TÂN',8700000,N'145 ĐỒNG KHỞI,Q.1,TP.HCM',0967255284,1,'CN02'),
		('NV0003',N'NGUYỄN NGỌC THỦY',N'NỮ','05/12/1988',N'IT',30000000,N'45 HAI BÀ TRƯNG,Q.2,TP.HCM',0975621261,2,'CN03'),
		('NV0004',N'TRẦN THANH TÙNG',N'NAM','15/06/1990',N'ĐẦU TƯ',15500000,N'36 NGUYỄN THỊ MINH KHAI,Q.BÌNH THẠNH,TP.HCM',0334221261,3,'CN02'),
		('NV0005',N'LÂM THANH TÂM',N'NỮ','25/06/1990',N'LỄ TÂN',8700000,N'99 ĐỒNG KHỞI,Q.BÌNH THẠNH,TP.HCM',0334222261,1,'CN03'),
		('NV0006',N'NGỌC TỐ NỮ',N'NỮ','23/03/1987',N'THÔNG DỊCH VIÊN',35000000,N'23 NGUYỄN HUỆ,Q.1,TP.HCM',0992415636,4,'CN01')

GO
UPDATE PHONGBAN
SET TRPHONG = 'NV0002'
WHERE MAPB=1
GO
UPDATE PHONGBAN
SET TRPHONG = 'NV0003'
WHERE MAPB=2
GO
UPDATE PHONGBAN
SET TRPHONG = 'NV0004'
WHERE MAPB=3
GO
UPDATE PHONGBAN
SET TRPHONG = 'NV0006'
WHERE MAPB=4
GO
--THEM DU LIEU CHO KHACH HANG
INSERT INTO KHACHHANG(MAKH,TENKH,SDT,GIOITINH,DCHI,NSINH)
VALUES('KH001',N'LIỄU NHƯ YÊN',0125647234,N'NỮ',N'21 HAI BÀ TRIỆU, Q.1, TP.HCM','8/8/1998'),
		('KH002',N'CỐ THANH THÔNG',0535647234,N'NAM',N'61 BÌNH TRIỆU, THỦ ĐỨC, TP.HCM','12/5/2000'),
		('KH003',N'LÂM THANH TÙNG',0151247234,N'NAM',N'41 TRƯƠNG THẾ VINH, Q.9, TP.HCM','23/11/1990'),
		('KH004',N'ĐÔNG VĨNH SIÊU',0625647234,N'NAM',N'12 HAI BÀ TRƯNG, Q.2, TP.HCM','15/12/1989'),
		('KH005',N'ĐÔNG TÌNH TUYẾT',0623347234,N'NỮ',N'22 NGUYỄN BÌNH TRIỂU, Q.BÌNH THẠNH, TP.HCM','22/12/1992'),
		('KH006',N'PHẠM THỊ NA',0125647274,N'NỮ',N'46 NGUYỄN THỊ MINH KHAI, TP.HCM','15/5/1989'),
		('KH007',N'VŨ HOA NGỌC',0425647234,N'NỮ',N'69 ĐỒNG KHỞI, TP.HCM','30/1/1989'),
		('KH008',N'CỐ THỊ LIỄU',0625637234,N'NỮ',N'99 HAI BÀ TRƯNG, TP.HCM','9/9/1999')
GO
--THEM DU LIEU CHO BIEN LAI
INSERT INTO BIENLAI(MABL,LOAIBL,SOTIEN,NGAYLAP,MANV,MaKH)
VALUES('BL001',N'CỔ PHIẾU',4000000000,'12/2/2021','NV0004','KH001')
GO
INSERT INTO BIENLAI(MABL,LOAIBL,SOTIEN,NGAYLAP,MANV,MaKH)
VALUES('BL002',N'ĐỔI NGOẠI TỆ',5000000000,'12/2/2021','NV0006','KH001')
GO
INSERT INTO BIENLAI(MABL,LOAIBL,SOTIEN,NGAYLAP,MANV,MaKH)
VALUES('BL003',N'NẠP TIỀN',2000000,'15/2/2021','NV0002','KH002')
GO
INSERT INTO BIENLAI(MABL,LOAIBL,SOTIEN,NGAYLAP,MANV,MaKH)
VALUES('BL004',N'CHUYỂN KHOẢN',5000000,'15/2/2021','NV0002','KH002')
GO
INSERT INTO BIENLAI(MABL,LOAIBL,SOTIEN,NGAYLAP,MANV,MaKH)
VALUES('BL005',N'CỔ PHIẾU',15000000,'18/2/2021','NV0004','KH003')
GO
INSERT INTO BIENLAI(MABL,LOAIBL,SOTIEN,NGAYLAP,MANV,MaKH)
VALUES('BL006',N'NẠP TIỀN',8000000,'19/2/2021','NV0002','KH003')
GO
INSERT INTO BIENLAI(MABL,LOAIBL,SOTIEN,NGAYLAP,MANV,MaKH)
VALUES('BL007',N'TẠO TÀI KHOẢN',0,'20/2/2021','NV0005','KH004')
GO
INSERT INTO BIENLAI(MABL,LOAIBL,SOTIEN,NGAYLAP,MANV,MaKH)
VALUES('BL008',N'NẠP TIỀN',500000,'20/2/2021','NV0005','KH004')
GO
INSERT INTO BIENLAI(MABL,LOAIBL,SOTIEN,NGAYLAP,MANV,MaKH)
VALUES('BL009',N'CỔ PHIẾU',90000000,'24/2/2021','NV0004','KH004')
GO
INSERT INTO BIENLAI(MABL,LOAIBL,SOTIEN,NGAYLAP,MANV,MaKH)
VALUES('BL010',N'CỔ PHIẾU',25000000,'28/2/2021','NV0005','KH004'),
		('BL011',N'CHUYỂN KHOẢN',500000,'1/3/2021','NV0005','KH006'),
		('BL012',N'CỔ PHIẾU',20000000,'10/3/2021','NV0004','KH007')
GO
--THEM DU LIEU CHO TAI KHOAN
INSERT INTO TAIKHOAN(MATK,SODU,LOAITK,MAKH,MANV,NGAYLAP,LOAITIEN)
VALUES('MB001',1350000000000,'VCB','KH001','NV0002','12/12/1990','VND'),
		('MB002',5000000,'MB','KH002','NV0002','1/1/1999','USD'),
		('MB003',350000000,'BV','KH003','NV0002','12/2/2000','TWD'),
		('MB004',450000000,'BV','KH005','NV0002','20/2/2000','TWD'),
		('MB005',650000000,'AG','KH006','NV0005','3/5/2000','VND'),
		('MB006',850000000,'VI','KH007','NV0002','20/6/2000','USD'),
		('MB007',24500000000,'MB','KH008','NV0005','26/2/2005','VND'),
		('MB008',500000,'VCB','KH004','NV0005','20/2/2021','GBP')
GO
--THEM DU LIEU CHO NOIQUY
INSERT INTO NOIQUY (MANQ, MOTA, MUCPHAT, GHICHU) 
VALUES 
('NQ001', N'Đi trễ', 500000, N'Phạt nếu đi làm muộn quá 30 phút'),
('NQ002', N'Sai đồng phục', 300000, N'Phạt nếu không mặc đúng đồng phục công ty'),
('NQ003', N'Trễ hạn nộp báo cáo', 700000, N'Phạt nếu không hoàn thành báo cáo đúng hạn'),
('NQ004', N'Vi phạm an toàn lao động', 1000000, N'Phạt nếu không mang đầy đủ thiết bị bảo vệ'),
('NQ005', N'Sử dụng thiết bị sai mục đích', 400000, N'Phạt nếu làm hư hỏng thiết bị công ty vì sử dụng sai cách')
GO
--THEM DU LIEU CHO VIPHAM
GO
INSERT INTO VIPHAM (MAVP, MANV, MANQ, NGAYVIPHAM, TIENPHAT, SOLANVIPHAM, GHICHU)
VALUES ('VP001', 'NV0002', 'NQ001', '22/7/2023', 1000000, 2, N'Trễ giờ làm trong tháng'),
		('VP002', 'NV0006', 'NQ002', '21/3/2024', 900000, 3, N'Sai đồng phục'),
		('VP003', 'NV0005', 'NQ005', '7/7/2024', 400000, 1, N'Sử dụng thiết bị sai mục đích')
--THEM DU LIEU CHO KHUYENMAI
GO
INSERT INTO KHUYENMAI (MAKM, TENKM, NGAYBATDAU, NGAYKETTHUC, DIEUKIEN)
VALUES ('KM01', N'LÃI SUẤT GỬI TIẾT KIỆM CAO', '27/9/2024','27/3/2025', N'SỐ TIỀN GỬI ĐẠT MỨC 50 TRIỆU TRỞ LÊN'),
		('KM02',N'TẶNG QUÀ KHI DÙNG APP LẦN ĐẦU','10/3/2023','10/3/2025',N'THỰC HIỆN ÍT NHẤT 1 GIAO DỊCH'),
		('KM03',N'TÍCH ĐIỂM ĐỔI QUÀ','29/5/2024','31/12/2025',N'SỬ DỤNG THẺ THƯỜNG XUYÊN')
--THEM DU LIEU CHO HO TRO
INSERT INTO HOTRO(MAKH,DVHT,MANV,MAKM)
VALUES('KH001',N'THÔNG DỊCH THỊ TRƯỜNG','NV0001','KM01'),
		('KH001',N'TƯ VẤN ĐẦU TƯ','NV0004','KM02'),
		('KH001',N'GIAO DỊCH NGOẠI TỆ','NV0006','KM03'),
		('KH002',N'NẠP TIỀN','NV0002','KM03'),
		('KH002',N'CHUYỂN KHOẢN','NV0003','KM02'),
		('KH003',N'TƯ VẤN ĐẦU TƯ','NV0004','KM01'),
		('KH003',N'NẠP TIỀN','NV0002','KM03'),
		('KH004',N'TẠO TÀI KHOẢN','NV0005','KM02'),
		('KH004',N'NẠP TIỀN','NV0006','KM01'),
		('KH004',N'TƯ VẤN ĐẦU TƯ','NV0004','KM01'),
		('KH005',N'TƯ VẤN ĐẦU TƯ','NV0004','KM03'),
		('KH006',N'CHUYỂN KHOẢN','NV0005','KM02'),
		('KH007',N'TƯ VẤN ĐẦU TƯ','NV0004','KM01'),
		('KH008',N'THÔNG DỊCH THỊ TRƯỜNG','NV0001','KM02')

GO